category	term	number_of_genes	number_of_genes_in_background	ncbiTaxonId	inputGenes	preferredNames	p_value	fdr	description	set_label	n_input_symbols	n_mapped_proteins
COMPARTMENTS	GOCC:0035369	2	6	9606	9606.ENSP00000221972,9606.ENSP00000376544	CD79A,CD79B	1.98e-05	0.0457	pre-B cell receptor complex	Down	17	17
Process	GO:0030098	6	242	9606	9606.ENSP00000221972,9606.ENSP00000246657,9606.ENSP00000265165,9606.ENSP00000306157,9606.ENSP00000376544,9606.ENSP00000398655	CD79A,CCR7,LEF1,IL7R,CD79B,ITK	4.28e-08	0.00028	Lymphocyte differentiation	Down	17	17
Process	GO:0046649	7	390	9606	9606.ENSP00000221972,9606.ENSP00000246657,9606.ENSP00000265165,9606.ENSP00000306157,9606.ENSP00000323280,9606.ENSP00000376544,9606.ENSP00000398655	CD79A,CCR7,LEF1,IL7R,CD6,CD79B,ITK	2.18e-08	0.00028	Lymphocyte activation	Down	17	17
Process	GO:0002250	6	317	9606	9606.ENSP00000221972,9606.ENSP00000265165,9606.ENSP00000323280,9606.ENSP00000364080,9606.ENSP00000376544,9606.ENSP00000398655	CD79A,LEF1,CD6,HLA-DQB1,CD79B,ITK	2.04e-07	0.00087	Adaptive immune response	Down	17	17
Process	GO:0002684	8	949	9606	9606.ENSP00000221972,9606.ENSP00000246657,9606.ENSP00000265165,9606.ENSP00000306157,9606.ENSP00000323280,9606.ENSP00000364080,9606.ENSP00000376544,9606.ENSP00000398655	CD79A,CCR7,LEF1,IL7R,CD6,HLA-DQB1,CD79B,ITK	5.18e-07	0.0013	Positive regulation of immune system process	Down	17	17
Process	GO:0006955	9	1588	9606	9606.ENSP00000221972,9606.ENSP00000246657,9606.ENSP00000248948,9606.ENSP00000265165,9606.ENSP00000306157,9606.ENSP00000323280,9606.ENSP00000364080,9606.ENSP00000376544,9606.ENSP00000398655	CD79A,CCR7,VPREB3,LEF1,IL7R,CD6,HLA-DQB1,CD79B,ITK	2.07e-06	0.0044	Immune response	Down	17	17
Process	GO:0030217	4	142	9606	9606.ENSP00000246657,9606.ENSP00000265165,9606.ENSP00000306157,9606.ENSP00000398655	CCR7,LEF1,IL7R,ITK	6.54e-06	0.0109	T cell differentiation	Down	17	17
Process	GO:0042100	3	43	9606	9606.ENSP00000221972,9606.ENSP00000265165,9606.ENSP00000306157	CD79A,LEF1,IL7R	8.06e-06	0.0109	B cell proliferation	Down	17	17
Process	GO:0042113	4	161	9606	9606.ENSP00000221972,9606.ENSP00000265165,9606.ENSP00000306157,9606.ENSP00000376544	CD79A,LEF1,IL7R,CD79B	1.06e-05	0.0109	B cell activation	Down	17	17
Process	GO:0050853	3	41	9606	9606.ENSP00000221972,9606.ENSP00000376544,9606.ENSP00000398655	CD79A,CD79B,ITK	7.04e-06	0.0109	B cell receptor signaling pathway	Down	17	17
Process	GO:0002377	3	57	9606	9606.ENSP00000248948,9606.ENSP00000306157,9606.ENSP00000364080	VPREB3,IL7R,HLA-DQB1	1.8e-05	0.0145	Immunoglobulin production	Down	17	17
Process	GO:0050851	4	199	9606	9606.ENSP00000221972,9606.ENSP00000364080,9606.ENSP00000376544,9606.ENSP00000398655	CD79A,HLA-DQB1,CD79B,ITK	2.4e-05	0.0171	Antigen receptor-mediated signaling pathway	Down	17	17
Process	GO:0050870	4	209	9606	9606.ENSP00000246657,9606.ENSP00000265165,9606.ENSP00000306157,9606.ENSP00000323280	CCR7,LEF1,IL7R,CD6	2.9e-05	0.0196	Positive regulation of T cell activation	Down	17	17
Process	GO:0007166	9	2325	9606	9606.ENSP00000221972,9606.ENSP00000246657,9606.ENSP00000265165,9606.ENSP00000306157,9606.ENSP00000323280,9606.ENSP00000364080,9606.ENSP00000367013,9606.ENSP00000376544,9606.ENSP00000398655	CD79A,CCR7,LEF1,IL7R,CD6,HLA-DQB1,TNFRSF25,CD79B,ITK	4.73e-05	0.0289	Cell surface receptor signaling pathway	Down	17	17
Process	GO:0001771	2	12	9606	9606.ENSP00000246657,9606.ENSP00000323280	CCR7,CD6	6.42e-05	0.0317	Immunological synapse formation	Down	17	17
Process	GO:0050776	6	896	9606	9606.ENSP00000221972,9606.ENSP00000246657,9606.ENSP00000306157,9606.ENSP00000364080,9606.ENSP00000376544,9606.ENSP00000398655	CD79A,CCR7,IL7R,HLA-DQB1,CD79B,ITK	7.5e-05	0.0357	Regulation of immune response	Down	17	17
Component	GO:0009897	5	331	9606	9606.ENSP00000221972,9606.ENSP00000246657,9606.ENSP00000306157,9606.ENSP00000323280,9606.ENSP00000376544	CD79A,CCR7,IL7R,CD6,CD79B	7.54e-06	0.0067	External side of plasma membrane	Down	17	17
Component	GO:0019815	2	4	9606	9606.ENSP00000221972,9606.ENSP00000376544	CD79A,CD79B	1.06e-05	0.0067	B cell receptor complex	Down	17	17
Component	GO:0098552	6	531	9606	9606.ENSP00000221972,9606.ENSP00000246657,9606.ENSP00000306157,9606.ENSP00000323280,9606.ENSP00000364080,9606.ENSP00000376544	CD79A,CCR7,IL7R,CD6,HLA-DQB1,CD79B	3.96e-06	0.0067	Side of membrane	Down	17	17
TISSUES	BTO:0000570	13	2543	9606	9606.ENSP00000221972,9606.ENSP00000231009,9606.ENSP00000246657,9606.ENSP00000248948,9606.ENSP00000265165,9606.ENSP00000284154,9606.ENSP00000306157,9606.ENSP00000310880,9606.ENSP00000363689,9606.ENSP00000364080,9606.ENSP00000367013,9606.ENSP00000376544,9606.ENSP00000398655	CD79A,GZMK,CCR7,VPREB3,LEF1,GRAP,IL7R,MAL,ID3,HLA-DQB1,TNFRSF25,CD79B,ITK	4.42e-09	8.42e-06	Hematopoietic system	Down	17	17
TISSUES	BTO:0000753	10	1496	9606	9606.ENSP00000221972,9606.ENSP00000231009,9606.ENSP00000246657,9606.ENSP00000248948,9606.ENSP00000265165,9606.ENSP00000306157,9606.ENSP00000310880,9606.ENSP00000367013,9606.ENSP00000376544,9606.ENSP00000398655	CD79A,GZMK,CCR7,VPREB3,LEF1,IL7R,MAL,TNFRSF25,CD79B,ITK	8.28e-08	7.88e-05	Lymphoid tissue	Down	17	17
Keyword	KW-1064	5	157	9606	9606.ENSP00000221972,9606.ENSP00000323280,9606.ENSP00000364080,9606.ENSP00000376544,9606.ENSP00000398655	CD79A,CD6,HLA-DQB1,CD79B,ITK	2.08e-07	0.00014	Adaptive immunity	Down	17	17
Keyword	KW-0732	10	3233	9606	9606.ENSP00000221972,9606.ENSP00000231009,9606.ENSP00000246657,9606.ENSP00000248948,9606.ENSP00000306157,9606.ENSP00000323280,9606.ENSP00000364080,9606.ENSP00000367013,9606.ENSP00000376544,9606.ENSP00000416341	CD79A,GZMK,CCR7,VPREB3,IL7R,CD6,HLA-DQB1,TNFRSF25,CD79B,NELL2	9.6e-05	0.0222	Signal	Down	17	17
Keyword	KW-1015	10	3304	9606	9606.ENSP00000221972,9606.ENSP00000231009,9606.ENSP00000246657,9606.ENSP00000248948,9606.ENSP00000306157,9606.ENSP00000323280,9606.ENSP00000364080,9606.ENSP00000367013,9606.ENSP00000376544,9606.ENSP00000416341	CD79A,GZMK,CCR7,VPREB3,IL7R,CD6,HLA-DQB1,TNFRSF25,CD79B,NELL2	0.00012	0.0222	Disulfide bond	Down	17	17
SMART	SM00077	2	5	9606	9606.ENSP00000221972,9606.ENSP00000376544	CD79A,CD79B	1.49e-05	0.0108	Immunoreceptor tyrosine-based activation motif	Down	17	17
InterPro	IPR039695	2	2	9606	9606.ENSP00000221972,9606.ENSP00000376544	CD79A,CD79B	4.25e-06	0.0288	B-cell antigen receptor complex-associated protein alpha/beta chain	Down	17	17
PMID	PMID:30337941	11	149	9606	9606.ENSP00000221972,9606.ENSP00000231009,9606.ENSP00000246657,9606.ENSP00000248948,9606.ENSP00000265165,9606.ENSP00000306157,9606.ENSP00000323280,9606.ENSP00000363689,9606.ENSP00000364080,9606.ENSP00000367013,9606.ENSP00000398655	CD79A,GZMK,CCR7,VPREB3,LEF1,IL7R,CD6,ID3,HLA-DQB1,TNFRSF25,ITK	9.07e-20	3.76e-13	(2018) Meta-Analysis Identification of Highly Robust and Differential Immune-Metabolic Signatures of Systemic Host Response to Acute and Latent Tuberculosis in Children and Adults.	Down	17	17
PMID	PMID:35095746	7	56	9606	9606.ENSP00000221972,9606.ENSP00000231009,9606.ENSP00000246657,9606.ENSP00000248948,9606.ENSP00000265165,9606.ENSP00000306157,9606.ENSP00000376544	CD79A,GZMK,CCR7,VPREB3,LEF1,IL7R,CD79B	4.79e-14	9.94e-08	(2021) Single-Cell Transcriptome Profiling Unravels Distinct Peripheral Blood Immune Cell Signatures of RRMS and MOG Antibody-Associated Disease.	Down	17	17
PMID	PMID:36034287	5	14	9606	9606.ENSP00000221972,9606.ENSP00000231009,9606.ENSP00000246657,9606.ENSP00000306157,9606.ENSP00000398655	CD79A,GZMK,CCR7,IL7R,ITK	2.98e-12	4.12e-06	(2022) Bioinformatics analysis to identify potential biomarkers and therapeutic targets for ST-segment-elevation myocardial infarction-related ischemic stroke.	Down	17	17
PMID	PMID:33482825	6	73	9606	9606.ENSP00000221972,9606.ENSP00000231009,9606.ENSP00000246657,9606.ENSP00000265165,9606.ENSP00000306157,9606.ENSP00000363689	CD79A,GZMK,CCR7,LEF1,IL7R,ID3	4.24e-11	3.76e-05	(2021) Single-cell resolution landscape of equine peripheral blood mononuclear cells reveals diverse cell types including T-bet(+) B cells.	Down	17	17
PMID	PMID:34489408	7	154	9606	9606.ENSP00000221972,9606.ENSP00000231009,9606.ENSP00000246657,9606.ENSP00000248948,9606.ENSP00000265165,9606.ENSP00000306157,9606.ENSP00000364080	CD79A,GZMK,CCR7,VPREB3,LEF1,IL7R,HLA-DQB1	4.04e-11	3.76e-05	(2021) A single-cell atlas of liver metastases of colorectal cancer reveals reprogramming of the tumor microenvironment in response to preoperative chemotherapy.	Down	17	17
PMID	PMID:29236683	5	25	9606	9606.ENSP00000231009,9606.ENSP00000246657,9606.ENSP00000265165,9606.ENSP00000306157,9606.ENSP00000363689	GZMK,CCR7,LEF1,IL7R,ID3	3.63e-11	3.76e-05	(2017) Effector CD8 T cells dedifferentiate into long-lived memory cells.	Down	17	17
PMID	PMID:34349096	7	178	9606	9606.ENSP00000221972,9606.ENSP00000231009,9606.ENSP00000246657,9606.ENSP00000306157,9606.ENSP00000323280,9606.ENSP00000363689,9606.ENSP00000376544	CD79A,GZMK,CCR7,IL7R,CD6,ID3,CD79B	1.08e-10	6.37e-05	(2021) Dysregulated hematopoiesis in bone marrow marks severe COVID-19.	Down	17	17
PMID	PMID:24471430	6	89	9606	9606.ENSP00000221972,9606.ENSP00000265165,9606.ENSP00000306157,9606.ENSP00000363689,9606.ENSP00000376544,9606.ENSP00000398655	CD79A,LEF1,IL7R,ID3,CD79B,ITK	1.32e-10	6.82e-05	(2014) Transcriptional control of early T and B cell developmental choices.	Down	17	17
PMID	PMID:34521820	6	93	9606	9606.ENSP00000221972,9606.ENSP00000231009,9606.ENSP00000246657,9606.ENSP00000306157,9606.ENSP00000364080,9606.ENSP00000367013	CD79A,GZMK,CCR7,IL7R,HLA-DQB1,TNFRSF25	1.69e-10	7.8e-05	(2021) Single-cell RNA-Seq reveals transcriptional heterogeneity and immune subtypes associated with disease activity in human myasthenia gravis.	Down	17	17
PMID	PMID:34658852	5	37	9606	9606.ENSP00000221972,9606.ENSP00000231009,9606.ENSP00000265165,9606.ENSP00000306157,9606.ENSP00000376544	CD79A,GZMK,LEF1,IL7R,CD79B	2.15e-10	8.43e-05	(2021) Single-Cell Transcriptomic Analysis of Peripheral Blood Reveals a Novel B-Cell Subset in Renal Allograft Recipients With Accommodation.	Down	17	17
PMID	PMID:28436433	6	96	9606	9606.ENSP00000221972,9606.ENSP00000231009,9606.ENSP00000246657,9606.ENSP00000265165,9606.ENSP00000323280,9606.ENSP00000376544	CD79A,GZMK,CCR7,LEF1,CD6,CD79B	2.03e-10	8.43e-05	(2017) Pathways and Genes Associated with Immune Dysfunction in Sheep Paratuberculosis.	Down	17	17
PMID	PMID:27566938	5	39	9606	9606.ENSP00000221972,9606.ENSP00000248948,9606.ENSP00000265165,9606.ENSP00000306157,9606.ENSP00000376544	CD79A,VPREB3,LEF1,IL7R,CD79B	2.75e-10	9.49e-05	(2016) Distinct Genetic Networks Orchestrate the Emergence of Specific Waves of Fetal and Adult B-1 and B-2 Development.	Down	17	17
PMID	PMID:34642245	6	103	9606	9606.ENSP00000221972,9606.ENSP00000231009,9606.ENSP00000246657,9606.ENSP00000265165,9606.ENSP00000306157,9606.ENSP00000376544	CD79A,GZMK,CCR7,LEF1,IL7R,CD79B	3.05e-10	9.72e-05	(2021) Single-cell sequencing reveals antitumor characteristics of intratumoral immune cells in old mice.	Down	17	17
PMID	PMID:31028278	5	40	9606	9606.ENSP00000231009,9606.ENSP00000246657,9606.ENSP00000265165,9606.ENSP00000306157,9606.ENSP00000363689	GZMK,CCR7,LEF1,IL7R,ID3	3.09e-10	9.72e-05	(2019) CXCR5(+)CD8(+) T cells are a distinct functional subset with an antitumor activity.	Down	17	17
PMID	PMID:35241665	6	112	9606	9606.ENSP00000221972,9606.ENSP00000231009,9606.ENSP00000246657,9606.ENSP00000306157,9606.ENSP00000376544,9606.ENSP00000398655	CD79A,GZMK,CCR7,IL7R,CD79B,ITK	4.94e-10	0.00014	(2022) Single-cell transcriptomics links malignant T cells to the tumor immune landscape in cutaneous T cell lymphoma.	Down	17	17
PMID	PMID:30093532	5	47	9606	9606.ENSP00000221972,9606.ENSP00000246657,9606.ENSP00000306157,9606.ENSP00000363689,9606.ENSP00000398655	CD79A,CCR7,IL7R,ID3,ITK	6.55e-10	0.00017	(2018) B cell adaptor for PI3-kinase (BCAP) modulates CD8(+) effector and memory T cell differentiation.	Down	17	17
PMID	PMID:33953163	6	124	9606	9606.ENSP00000221972,9606.ENSP00000231009,9606.ENSP00000246657,9606.ENSP00000265165,9606.ENSP00000306157,9606.ENSP00000376544	CD79A,GZMK,CCR7,LEF1,IL7R,CD79B	8.88e-10	2e-04	(2021) Single-cell profiling of tumor heterogeneity and the microenvironment in advanced non-small cell lung cancer.	Down	17	17
PMID	PMID:34185421	6	122	9606	9606.ENSP00000221972,9606.ENSP00000231009,9606.ENSP00000246657,9606.ENSP00000265165,9606.ENSP00000306157,9606.ENSP00000363689	CD79A,GZMK,CCR7,LEF1,IL7R,ID3	8.09e-10	2e-04	(2021) Diversity and intratumoral heterogeneity in human gallbladder cancer progression revealed by single-cell RNA sequencing.	Down	17	17
PMID	PMID:34691592	5	51	9606	9606.ENSP00000221972,9606.ENSP00000231009,9606.ENSP00000246657,9606.ENSP00000265165,9606.ENSP00000376544	CD79A,GZMK,CCR7,LEF1,CD79B	9.6e-10	0.00021	(2021) Single-cell transcriptomic landscape of human blood cells.	Down	17	17
PMID	PMID:33272898	5	52	9606	9606.ENSP00000231009,9606.ENSP00000246657,9606.ENSP00000265165,9606.ENSP00000306157,9606.ENSP00000363689	GZMK,CCR7,LEF1,IL7R,ID3	1.05e-09	0.00022	(2020) Memory CD8(+) T cell responses to cancer.	Down	17	17
PMID	PMID:36199375	4	14	9606	9606.ENSP00000231009,9606.ENSP00000246657,9606.ENSP00000306157,9606.ENSP00000398655	GZMK,CCR7,IL7R,ITK	1.18e-09	0.00023	(2022) Screening of Sepsis Biomarkers Based on Bioinformatics Data Analysis.	Down	17	17
PMID	PMID:34365737	5	53	9606	9606.ENSP00000231009,9606.ENSP00000246657,9606.ENSP00000265165,9606.ENSP00000306157,9606.ENSP00000364080	GZMK,CCR7,LEF1,IL7R,HLA-DQB1	1.15e-09	0.00023	(2021) Single-Cell RNA-Seq of T Cells in B-ALL Patients Reveals an Exhausted Subset with Remarkable Heterogeneity.	Down	17	17
PMID	PMID:32251514	6	132	9606	9606.ENSP00000221972,9606.ENSP00000231009,9606.ENSP00000246657,9606.ENSP00000265165,9606.ENSP00000306157,9606.ENSP00000376544	CD79A,GZMK,CCR7,LEF1,IL7R,CD79B	1.27e-09	0.00023	(2020) Single-cell RNA sequencing of murine islets shows high cellular complexity at all stages of autoimmune diabetes.	Down	17	17
PMID	PMID:33584715	5	56	9606	9606.ENSP00000231009,9606.ENSP00000246657,9606.ENSP00000265165,9606.ENSP00000306157,9606.ENSP00000323280	GZMK,CCR7,LEF1,IL7R,CD6	1.49e-09	0.00026	(2020) Single-Cell Analysis Reveals Characterization of Infiltrating T Cells in Moderately Differentiated Colorectal Cancer.	Down	17	17
PMID	PMID:34168655	6	139	9606	9606.ENSP00000221972,9606.ENSP00000231009,9606.ENSP00000246657,9606.ENSP00000265165,9606.ENSP00000306157,9606.ENSP00000363689	CD79A,GZMK,CCR7,LEF1,IL7R,ID3	1.72e-09	0.00029	(2021) The Immune Atlas of Human Deciduas With Unexplained Recurrent Pregnancy Loss.	Down	17	17
PMID	PMID:35233377	5	60	9606	9606.ENSP00000231009,9606.ENSP00000246657,9606.ENSP00000265165,9606.ENSP00000306157,9606.ENSP00000364080	GZMK,CCR7,LEF1,IL7R,HLA-DQB1	2.07e-09	0.00033	(2022) A Novel Prognostic Biomarker LPAR6 in Hepatocellular Carcinoma via Associating with Immune Infiltrates.	Down	17	17
PMID	PMID:27521269	5	60	9606	9606.ENSP00000231009,9606.ENSP00000246657,9606.ENSP00000265165,9606.ENSP00000306157,9606.ENSP00000398655	GZMK,CCR7,LEF1,IL7R,ITK	2.07e-09	0.00033	(2016) Tumor-Specific T Cell Dysfunction Is a Dynamic Antigen-Driven Differentiation Program Initiated Early during Tumorigenesis.	Down	17	17
PMID	PMID:32103029	5	66	9606	9606.ENSP00000246657,9606.ENSP00000248948,9606.ENSP00000306157,9606.ENSP00000364080,9606.ENSP00000376544	CCR7,VPREB3,IL7R,HLA-DQB1,CD79B	3.25e-09	0.00048	(2020) Single-cell Transcriptome Mapping Identifies Common and Cell-type Specific Genes Affected by Acute Delta9-tetrahydrocannabinol in Humans.	Down	17	17
PMID	PMID:32657756	5	67	9606	9606.ENSP00000231009,9606.ENSP00000246657,9606.ENSP00000306157,9606.ENSP00000323280,9606.ENSP00000363689	GZMK,CCR7,IL7R,CD6,ID3	3.49e-09	0.00048	(2020) Umbilical cord blood-derived ILC1-like cells constitute a novel precursor for mature KIR(+)NKG2A(-) NK cells.	Down	17	17
PMID	PMID:22473038	5	66	9606	9606.ENSP00000246657,9606.ENSP00000265165,9606.ENSP00000306157,9606.ENSP00000367013,9606.ENSP00000398655	CCR7,LEF1,IL7R,TNFRSF25,ITK	3.25e-09	0.00048	(2012) Intrathymic programming of effector fates in three molecularly distinct gammadelta T cell subtypes.	Down	17	17
PMID	PMID:35265090	6	161	9606	9606.ENSP00000246657,9606.ENSP00000265165,9606.ENSP00000306157,9606.ENSP00000323280,9606.ENSP00000363689,9606.ENSP00000367013	CCR7,LEF1,IL7R,CD6,ID3,TNFRSF25	4.02e-09	0.00054	(2022) Transcriptome Profiling of Porcine Naive, Intermediate and Terminally Differentiated CD8(+) T Cells.	Down	17	17
PMID	PMID:34354714	5	71	9606	9606.ENSP00000231009,9606.ENSP00000246657,9606.ENSP00000265165,9606.ENSP00000306157,9606.ENSP00000363689	GZMK,CCR7,LEF1,IL7R,ID3	4.6e-09	6e-04	(2021) CD8(+) T Cell Exhaustion in Cancer.	Down	17	17
PMID	PMID:34638368	6	167	9606	9606.ENSP00000221972,9606.ENSP00000231009,9606.ENSP00000265165,9606.ENSP00000306157,9606.ENSP00000363689,9606.ENSP00000376544	CD79A,GZMK,LEF1,IL7R,ID3,CD79B	4.98e-09	0.00062	(2021) Heterogeneity of Circulating Tumor Cell Neoplastic Subpopulations Outlined by Single-Cell Transcriptomics.	Down	17	17
PMID	PMID:33046887	5	72	9606	9606.ENSP00000231009,9606.ENSP00000246657,9606.ENSP00000265165,9606.ENSP00000306157,9606.ENSP00000363689	GZMK,CCR7,LEF1,IL7R,ID3	4.91e-09	0.00062	(2020) Two subsets of stem-like CD8(+) memory T cell progenitors with distinct fate commitments in humans.	Down	17	17
PMID	PMID:33723257	5	74	9606	9606.ENSP00000231009,9606.ENSP00000246657,9606.ENSP00000265165,9606.ENSP00000306157,9606.ENSP00000376544	GZMK,CCR7,LEF1,IL7R,CD79B	5.6e-09	0.00066	(2021) Circulating mucosal-associated invariant T cells identify patients responding to anti-PD-1 therapy.	Down	17	17
PMID	PMID:31416885	4	22	9606	9606.ENSP00000231009,9606.ENSP00000246657,9606.ENSP00000306157,9606.ENSP00000398655	GZMK,CCR7,IL7R,ITK	5.74e-09	0.00066	(2019) An integrative bioinformatics analysis of microarray data for identifying hub genes as diagnostic biomarkers of preeclampsia.	Down	17	17
PMID	PMID:33552053	5	75	9606	9606.ENSP00000221972,9606.ENSP00000246657,9606.ENSP00000306157,9606.ENSP00000376544,9606.ENSP00000398655	CD79A,CCR7,IL7R,CD79B,ITK	5.97e-09	0.00067	(2020) Phosphoinositide 3-Kinase Signaling in the Tumor Microenvironment: What Do We Need to Consider When Treating Chronic Lymphocytic Leukemia With PI3K Inhibitors?	Down	17	17
PMID	PMID:33816243	5	76	9606	9606.ENSP00000221972,9606.ENSP00000231009,9606.ENSP00000246657,9606.ENSP00000265165,9606.ENSP00000306157	CD79A,GZMK,CCR7,LEF1,IL7R	6.36e-09	0.00069	(2021) Single-Cell RNA-seq Reveals Characteristics of Malignant Cells and Immune Microenvironment in Subcutaneous Panniculitis-Like T-Cell Lymphoma.	Down	17	17
PMID	PMID:33691144	5	77	9606	9606.ENSP00000221972,9606.ENSP00000231009,9606.ENSP00000246657,9606.ENSP00000306157,9606.ENSP00000376544	CD79A,GZMK,CCR7,IL7R,CD79B	6.77e-09	0.00072	(2021) Single-cell RNA sequencing reveals the sustained immune cell dysfunction in the pathogenesis of sepsis secondary to bacterial pneumonia.	Down	17	17
PMID	PMID:34440912	5	79	9606	9606.ENSP00000231009,9606.ENSP00000246657,9606.ENSP00000265165,9606.ENSP00000306157,9606.ENSP00000363689	GZMK,CCR7,LEF1,IL7R,ID3	7.65e-09	0.00072	(2021) Single-Cell Transcriptomics Reveals Core Regulatory Programs That Determine the Heterogeneity of Circulating and Tissue-Resident Memory CD8(+) T Cells.	Down	17	17
PMID	PMID:32081129	4	23	9606	9606.ENSP00000231009,9606.ENSP00000246657,9606.ENSP00000265165,9606.ENSP00000306157	GZMK,CCR7,LEF1,IL7R	6.74e-09	0.00072	(2020) Primary and secondary anti-viral response captured by the dynamics and phenotype of individual T cell clones.	Down	17	17
PMID	PMID:32114394	5	78	9606	9606.ENSP00000221972,9606.ENSP00000231009,9606.ENSP00000246657,9606.ENSP00000248948,9606.ENSP00000376544	CD79A,GZMK,CCR7,VPREB3,CD79B	7.2e-09	0.00072	(2020) Single-cell transcriptomics of blood reveals a natural killer cell subset depletion in tuberculosis.	Down	17	17
PMID	PMID:32351704	5	78	9606	9606.ENSP00000231009,9606.ENSP00000246657,9606.ENSP00000265165,9606.ENSP00000306157,9606.ENSP00000376544	GZMK,CCR7,LEF1,IL7R,CD79B	7.2e-09	0.00072	(2020) Single-cell RNA sequencing reveals the heterogeneity of liver-resident immune cells in human.	Down	17	17
PMID	PMID:33033495	4	23	9606	9606.ENSP00000265165,9606.ENSP00000306157,9606.ENSP00000323280,9606.ENSP00000398655	LEF1,IL7R,CD6,ITK	6.74e-09	0.00072	(2020) Weighted Gene Co-expression Network Analysis of Key Biomarkers Associated With Bronchopulmonary Dysplasia.	Down	17	17
PMID	PMID:33603736	5	79	9606	9606.ENSP00000221972,9606.ENSP00000246657,9606.ENSP00000265165,9606.ENSP00000364080,9606.ENSP00000376544	CD79A,CCR7,LEF1,HLA-DQB1,CD79B	7.65e-09	0.00072	(2020) Single-Cell RNA Sequencing Reveals the Expansion of Cytotoxic CD4(+) T Lymphocytes and a Landscape of Immune Cells in Primary Sjoegrens Syndrome.	Down	17	17
PMID	PMID:30111845	4	23	9606	9606.ENSP00000221972,9606.ENSP00000306157,9606.ENSP00000376544,9606.ENSP00000398655	CD79A,IL7R,CD79B,ITK	6.74e-09	0.00072	(2019) Simultaneous B and T cell acute lymphoblastic leukemias in zebrafish driven by transgenic MYC: implications for oncogenesis and lymphopoiesis.	Down	17	17
PMID	PMID:29236685	4	23	9606	9606.ENSP00000246657,9606.ENSP00000265165,9606.ENSP00000306157,9606.ENSP00000363689	CCR7,LEF1,IL7R,ID3	6.74e-09	0.00072	(2017) Origin and differentiation of human memory CD8 T cells after vaccination.	Down	17	17
PMID	PMID:21777462	5	79	9606	9606.ENSP00000231009,9606.ENSP00000246657,9606.ENSP00000306157,9606.ENSP00000376544,9606.ENSP00000398655	GZMK,CCR7,IL7R,CD79B,ITK	7.65e-09	0.00072	(2011) Kinome expression profiling and prognosis of basal breast cancers.	Down	17	17
PMID	PMID:31332193	4	25	9606	9606.ENSP00000221972,9606.ENSP00000246657,9606.ENSP00000306157,9606.ENSP00000376544	CD79A,CCR7,IL7R,CD79B	9.11e-09	0.00077	(2019) Predicting bacterial infection outcomes using single cell RNA-sequencing analysis of human immune cells.	Down	17	17
PMID	PMID:22941246	5	84	9606	9606.ENSP00000221972,9606.ENSP00000246657,9606.ENSP00000248948,9606.ENSP00000306157,9606.ENSP00000376544	CD79A,CCR7,VPREB3,IL7R,CD79B	1.03e-08	0.00085	(2012) Lymphoid priming in human bone marrow begins before expression of CD10 with upregulation of L-selectin.	Down	17	17
PMID	PMID:33627703	4	27	9606	9606.ENSP00000221972,9606.ENSP00000248948,9606.ENSP00000364080,9606.ENSP00000376544	CD79A,VPREB3,HLA-DQB1,CD79B	1.21e-08	0.00098	(2021) Highly dampened blood transcriptome response in HIV patients after influenza infection.	Down	17	17
PMID	PMID:28392788	4	27	9606	9606.ENSP00000231009,9606.ENSP00000246657,9606.ENSP00000306157,9606.ENSP00000364080	GZMK,CCR7,IL7R,HLA-DQB1	1.21e-08	0.00098	(2017) The Transcription Factor Hobit Identifies Human Cytotoxic CD4(+) T Cells.	Down	17	17
PMID	PMID:28968461	4	27	9606	9606.ENSP00000221972,9606.ENSP00000246657,9606.ENSP00000248948,9606.ENSP00000376544	CD79A,CCR7,VPREB3,CD79B	1.21e-08	0.00098	(2017) EBF1 binds to EBNA2 and promotes the assembly of EBNA2 chromatin complexes in B cells.	Down	17	17
PMID	PMID:35159138	4	29	9606	9606.ENSP00000246657,9606.ENSP00000265165,9606.ENSP00000306157,9606.ENSP00000398655	CCR7,LEF1,IL7R,ITK	1.57e-08	0.0012	(2022) Transcriptional Heterogeneity and the Microbiome of Cutaneous T-Cell Lymphoma.	Down	17	17
PMID	PMID:35433892	5	91	9606	9606.ENSP00000231009,9606.ENSP00000246657,9606.ENSP00000265165,9606.ENSP00000306157,9606.ENSP00000364080	GZMK,CCR7,LEF1,IL7R,HLA-DQB1	1.51e-08	0.0012	(2022) Single-Cell Sequencing of Immune Cells in Human Aortic Dissection Tissue Provides Insights Into Immune Cell Heterogeneity.	Down	17	17
PMID	PMID:32231298	4	29	9606	9606.ENSP00000231009,9606.ENSP00000246657,9606.ENSP00000265165,9606.ENSP00000306157	GZMK,CCR7,LEF1,IL7R	1.57e-08	0.0012	(2020) Beta cell-specific CD8(+) T cells maintain stem cell memory-associated epigenetic programs during type 1 diabetes.	Down	17	17
PMID	PMID:22197273	4	29	9606	9606.ENSP00000221972,9606.ENSP00000246657,9606.ENSP00000306157,9606.ENSP00000398655	CD79A,CCR7,IL7R,ITK	1.57e-08	0.0012	(2012) CD27 deficiency is associated with combined immunodeficiency and persistent symptomatic EBV viremia.	Down	17	17
PMID	PMID:33805359	5	94	9606	9606.ENSP00000221972,9606.ENSP00000231009,9606.ENSP00000323280,9606.ENSP00000376544,9606.ENSP00000398655	CD79A,GZMK,CD6,CD79B,ITK	1.76e-08	0.0013	(2021) NF2 and Canonical Hippo-YAP Pathway Define Distinct Tumor Subsets Characterized by Different Immune Deficiency and Treatment Implications in Human Pleural Mesothelioma.	Down	17	17
PMID	PMID:34857027	4	30	9606	9606.ENSP00000231009,9606.ENSP00000246657,9606.ENSP00000265165,9606.ENSP00000306157	GZMK,CCR7,LEF1,IL7R	1.77e-08	0.0013	(2021) DropletQC: improved identification of empty droplets and damaged cells in single-cell RNA-seq data.	Down	17	17
PMID	PMID:25880808	4	30	9606	9606.ENSP00000221972,9606.ENSP00000246657,9606.ENSP00000265165,9606.ENSP00000364080	CD79A,CCR7,LEF1,HLA-DQB1	1.77e-08	0.0013	(2015) Lymphocyte gene expression signatures from patients and mouse models of hereditary hemochromatosis reveal a function of HFE as a negative regulator of CD8+ T-lymphocyte activation and differentiation in vivo.	Down	17	17
PMID	PMID:34675927	4	31	9606	9606.ENSP00000306157,9606.ENSP00000323280,9606.ENSP00000364080,9606.ENSP00000367013	IL7R,CD6,HLA-DQB1,TNFRSF25	2e-08	0.0014	(2021) A Comprehensive Review on the Role of Genetic Factors in Neuromyelitis Optica Spectrum Disorder.	Down	17	17
PMID	PMID:34804045	4	31	9606	9606.ENSP00000231009,9606.ENSP00000246657,9606.ENSP00000265165,9606.ENSP00000306157	GZMK,CCR7,LEF1,IL7R	2e-08	0.0014	(2021) Single-Cell Transcriptomic Analysis Reveals a Tumor-Reactive T Cell Signature Associated With Clinical Outcome and Immunotherapy Response In Melanoma.	Down	17	17
PMID	PMID:32341750	4	31	9606	9606.ENSP00000221972,9606.ENSP00000363689,9606.ENSP00000376544,9606.ENSP00000398655	CD79A,ID3,CD79B,ITK	2e-08	0.0014	(2020) Zebrafish B cell acute lymphoblastic leukemia: new findings in an old model.	Down	17	17
PMID	PMID:24378360	4	32	9606	9606.ENSP00000246657,9606.ENSP00000265165,9606.ENSP00000306157,9606.ENSP00000398655	CCR7,LEF1,IL7R,ITK	2.25e-08	0.0014	(2014) Lymphoid enhancer binding factor-1 (LEF1) expression as a prognostic factor in adult acute promyelocytic leukemia.	Down	17	17
PMID	PMID:20107544	4	31	9606	9606.ENSP00000221972,9606.ENSP00000284154,9606.ENSP00000376544,9606.ENSP00000398655	CD79A,GRAP,CD79B,ITK	2e-08	0.0014	(2009) Transmembrane adaptor proteins positively regulating the activation of lymphocytes.	Down	17	17
PMID	PMID:15837809	4	31	9606	9606.ENSP00000221972,9606.ENSP00000306157,9606.ENSP00000363689,9606.ENSP00000376544	CD79A,IL7R,ID3,CD79B	2e-08	0.0014	(2005) IL-7 receptor signaling is necessary for stage transition in adult B cell development through up-regulation of EBF.	Down	17	17
PMID	PMID:34239074	5	101	9606	9606.ENSP00000221972,9606.ENSP00000246657,9606.ENSP00000265165,9606.ENSP00000306157,9606.ENSP00000376544	CD79A,CCR7,LEF1,IL7R,CD79B	2.48e-08	0.0015	(2021) Delineating spatiotemporal and hierarchical development of human fetal innate lymphoid cells.	Down	17	17
PMID	PMID:27939672	4	33	9606	9606.ENSP00000231009,9606.ENSP00000246657,9606.ENSP00000265165,9606.ENSP00000306157	GZMK,CCR7,LEF1,IL7R	2.52e-08	0.0015	(2016) Dynamic Changes in Chromatin Accessibility Occur in CD8(+) T Cells Responding to Viral Infection.	Down	17	17
PMID	PMID:19104654	5	100	9606	9606.ENSP00000231009,9606.ENSP00000306157,9606.ENSP00000323280,9606.ENSP00000376544,9606.ENSP00000398655	GZMK,IL7R,CD6,CD79B,ITK	2.37e-08	0.0015	(2008) TranscriptomeBrowser: a powerful and flexible toolbox to explore productively the transcriptional landscape of the Gene Expression Omnibus database.	Down	17	17
PMID	PMID:35250958	4	34	9606	9606.ENSP00000221972,9606.ENSP00000246657,9606.ENSP00000306157,9606.ENSP00000376544	CD79A,CCR7,IL7R,CD79B	2.82e-08	0.0016	(2022) The Dynamic Change of Immune Responses Between Acute and Recurrence Stages of Rodent Malaria Infection.	Down	17	17
PMID	PMID:32479746	5	103	9606	9606.ENSP00000221972,9606.ENSP00000231009,9606.ENSP00000246657,9606.ENSP00000265165,9606.ENSP00000306157	CD79A,GZMK,CCR7,LEF1,IL7R	2.73e-08	0.0016	(2020) Host-Viral Infection Maps Reveal Signatures of Severe COVID-19 Patients.	Down	17	17
PMID	PMID:31604482	4	34	9606	9606.ENSP00000221972,9606.ENSP00000231009,9606.ENSP00000246657,9606.ENSP00000306157	CD79A,GZMK,CCR7,IL7R	2.82e-08	0.0016	(2019) MetaCell: analysis of single-cell RNA-seq data using K-nn graph partitions.	Down	17	17
PMID	PMID:26556806	4	34	9606	9606.ENSP00000221972,9606.ENSP00000265165,9606.ENSP00000376544,9606.ENSP00000398655	CD79A,LEF1,CD79B,ITK	2.82e-08	0.0016	(2015) Novel Pathways Revealed in Bursa of Fabricius Transcriptome in Response to Extraintestinal Pathogenic Escherichia coli (ExPEC) Infection.	Down	17	17
PMID	PMID:23712431	4	34	9606	9606.ENSP00000246657,9606.ENSP00000265165,9606.ENSP00000306157,9606.ENSP00000363689	CCR7,LEF1,IL7R,ID3	2.82e-08	0.0016	(2013) Differentiation of CD8 memory T cells depends on Foxo1.	Down	17	17
PMID	PMID:34941990	4	35	9606	9606.ENSP00000221972,9606.ENSP00000231009,9606.ENSP00000323280,9606.ENSP00000398655	CD79A,GZMK,CD6,ITK	3.14e-08	0.0017	(2022) Checkpoint protein expression in the tumor microenvironment defines the outcome of classical Hodgkin lymphoma patients.	Down	17	17
PMID	PMID:32251269	4	35	9606	9606.ENSP00000231009,9606.ENSP00000306157,9606.ENSP00000323280,9606.ENSP00000398655	GZMK,IL7R,CD6,ITK	3.14e-08	0.0017	(2020) Identification of Genes with Prognostic Value in the Breast Cancer Microenvironment Using Bioinformatics Analysis.	Down	17	17
PMID	PMID:23797092	4	35	9606	9606.ENSP00000246657,9606.ENSP00000306157,9606.ENSP00000363689,9606.ENSP00000398655	CCR7,IL7R,ID3,ITK	3.14e-08	0.0017	(2013) Shp1 regulates T cell homeostasis by limiting IL-4 signals.	Down	17	17
PMID	PMID:7961773	3	5	9606	9606.ENSP00000221972,9606.ENSP00000248948,9606.ENSP00000376544	CD79A,VPREB3,CD79B	3.03e-08	0.0017	(1994) Molecular components and assembly of mu.surrogate light chain complexes in pre-B cell lines.	Down	17	17
PMID	PMID:35095832	5	108	9606	9606.ENSP00000221972,9606.ENSP00000231009,9606.ENSP00000246657,9606.ENSP00000265165,9606.ENSP00000306157	CD79A,GZMK,CCR7,LEF1,IL7R	3.43e-08	0.0018	(2021) Communication Pattern Changes Along With Declined IGF1 of Immune Cells in COVID-19 Patients During Disease Progression.	Down	17	17
PMID	PMID:32759967	4	36	9606	9606.ENSP00000221972,9606.ENSP00000246657,9606.ENSP00000306157,9606.ENSP00000376544	CD79A,CCR7,IL7R,CD79B	3.48e-08	0.0018	(2020) Dysregulated adaptive immune response contributes to severe COVID-19.	Down	17	17
PMID	PMID:33101705	5	109	9606	9606.ENSP00000221972,9606.ENSP00000231009,9606.ENSP00000246657,9606.ENSP00000306157,9606.ENSP00000364080	CD79A,GZMK,CCR7,IL7R,HLA-DQB1	3.58e-08	0.0018	(2020) The differential immune responses to COVID-19 in peripheral and lung revealed by single-cell RNA sequencing.	Down	17	17
PMID	PMID:33177245	4	36	9606	9606.ENSP00000221972,9606.ENSP00000246657,9606.ENSP00000306157,9606.ENSP00000398655	CD79A,CCR7,IL7R,ITK	3.48e-08	0.0018	(2020) TCGA and ESTIMATE data mining to identify potential prognostic biomarkers in HCC patients.	Down	17	17
PMID	PMID:34830356	4	37	9606	9606.ENSP00000221972,9606.ENSP00000306157,9606.ENSP00000364080,9606.ENSP00000376544	CD79A,IL7R,HLA-DQB1,CD79B	3.86e-08	0.0019	(2021) Chemical Exposures Affect Innate Immune Response to SARS-CoV-2.	Down	17	17
PMID	PMID:33171100	5	111	9606	9606.ENSP00000231009,9606.ENSP00000246657,9606.ENSP00000265165,9606.ENSP00000306157,9606.ENSP00000364080	GZMK,CCR7,LEF1,IL7R,HLA-DQB1	3.91e-08	0.0019	(2020) Multi-Omics Resolves a Sharp Disease-State Shift between Mild and Moderate COVID-19.	Down	17	17
PMID	PMID:28480897	4	37	9606	9606.ENSP00000246657,9606.ENSP00000306157,9606.ENSP00000363689,9606.ENSP00000398655	CCR7,IL7R,ID3,ITK	3.86e-08	0.0019	(2017) Antigen-inexperienced memory CD8(+) T cells: where they come from and why we need them.	Down	17	17
PMID	PMID:35118163	4	38	9606	9606.ENSP00000246657,9606.ENSP00000265165,9606.ENSP00000306157,9606.ENSP00000363689	CCR7,LEF1,IL7R,ID3	4.26e-08	0.0021	(2022) Accelerating clinical-scale production of BCMA CAR T cells with defined maturation stages.	Down	17	17
PMID	PMID:35141222	4	38	9606	9606.ENSP00000231009,9606.ENSP00000246657,9606.ENSP00000265165,9606.ENSP00000323280	GZMK,CCR7,LEF1,CD6	4.26e-08	0.0021	(2022) Mapk14 is a Prognostic Biomarker and Correlates with the Clinicopathological Features and Immune Infiltration of Colorectal Cancer.	Down	17	17
PMID	PMID:36561317	3	6	9606	9606.ENSP00000221972,9606.ENSP00000246657,9606.ENSP00000306157	CD79A,CCR7,IL7R	4.55e-08	0.0021	(2022) Identification of key genes in late-onset major depressive disorder through a co-expression network module.	Down	17	17
PMID	PMID:33771991	5	115	9606	9606.ENSP00000231009,9606.ENSP00000246657,9606.ENSP00000265165,9606.ENSP00000306157,9606.ENSP00000363689	GZMK,CCR7,LEF1,IL7R,ID3	4.64e-08	0.0021	(2021) Single-cell analyses of Crohns disease tissues reveal intestinal intraepithelial T cells heterogeneity and altered subset distributions.	Down	17	17
PMID	PMID:32313720	4	38	9606	9606.ENSP00000231009,9606.ENSP00000246657,9606.ENSP00000265165,9606.ENSP00000306157	GZMK,CCR7,LEF1,IL7R	4.26e-08	0.0021	(2020) Deciphering the transcriptomic landscape of tumor-infiltrating CD8 lymphocytes in B16 melanoma tumors with single-cell RNA-Seq.	Down	17	17
PMID	PMID:29925930	4	39	9606	9606.ENSP00000231009,9606.ENSP00000306157,9606.ENSP00000323280,9606.ENSP00000398655	GZMK,IL7R,CD6,ITK	4.7e-08	0.0021	(2019) Elevated T cell levels in peripheral blood predict poor clinical response following rituximab treatment in new-onset type 1 diabetes.	Down	17	17
PMID	PMID:30778252	4	38	9606	9606.ENSP00000246657,9606.ENSP00000265165,9606.ENSP00000306157,9606.ENSP00000363689	CCR7,LEF1,IL7R,ID3	4.26e-08	0.0021	(2019) Subsets of exhausted CD8(+) T cells differentially mediate tumor control and respond to checkpoint blockade.	Down	17	17
PMID	PMID:30589870	4	39	9606	9606.ENSP00000231009,9606.ENSP00000246657,9606.ENSP00000265165,9606.ENSP00000398655	GZMK,CCR7,LEF1,ITK	4.7e-08	0.0021	(2018) The effect of antiretroviral treatment on selected genes in whole blood from HIV-infected adults sensitised by Mycobacterium tuberculosis.	Down	17	17
PMID	PMID:28218746	4	39	9606	9606.ENSP00000246657,9606.ENSP00000265165,9606.ENSP00000306157,9606.ENSP00000363689	CCR7,LEF1,IL7R,ID3	4.7e-08	0.0021	(2017) Early transcriptional and epigenetic regulation of CD8(+) T cell differentiation revealed by single-cell RNA sequencing.	Down	17	17
PMID	PMID:25539926	5	113	9606	9606.ENSP00000231009,9606.ENSP00000246657,9606.ENSP00000265165,9606.ENSP00000363689,9606.ENSP00000398655	GZMK,CCR7,LEF1,ID3,ITK	4.26e-08	0.0021	(2015) Regulation of the transcriptional program by DNA methylation during human alphabeta T-cell development.	Down	17	17
PMID	PMID:22464097	4	38	9606	9606.ENSP00000221972,9606.ENSP00000265165,9606.ENSP00000306157,9606.ENSP00000376544	CD79A,LEF1,IL7R,CD79B	4.26e-08	0.0021	(2012) Expression of essential B cell development genes in horses with common variable immunodeficiency.	Down	17	17
PMID	PMID:18485203	5	115	9606	9606.ENSP00000231009,9606.ENSP00000246657,9606.ENSP00000306157,9606.ENSP00000364080,9606.ENSP00000367013	GZMK,CCR7,IL7R,HLA-DQB1,TNFRSF25	4.64e-08	0.0021	(2008) Comparative analysis of transcriptional profiling of CD3+, CD4+ and CD8+ T cells identifies novel immune response players in T-cell activation.	Down	17	17
PMID	PMID:29855199	4	40	9606	9606.ENSP00000221972,9606.ENSP00000363689,9606.ENSP00000376544,9606.ENSP00000398655	CD79A,ID3,CD79B,ITK	5.16e-08	0.0022	(2018) Targeting the B cell receptor pathway in non-Hodgkin lymphoma.	Down	17	17
PMID	PMID:26586434	4	40	9606	9606.ENSP00000231009,9606.ENSP00000246657,9606.ENSP00000306157,9606.ENSP00000363689	GZMK,CCR7,IL7R,ID3	5.16e-08	0.0022	(2015) Adenoviral Vector Vaccination Induces a Conserved Program of CD8(+) T Cell Memory Differentiation in Mouse and Man.	Down	17	17
PMID	PMID:33572793	4	41	9606	9606.ENSP00000246657,9606.ENSP00000265165,9606.ENSP00000306157,9606.ENSP00000363689	CCR7,LEF1,IL7R,ID3	5.66e-08	0.0023	(2021) The Potential of T Cell Factor 1 in Sustaining CD8(+) T Lymphocyte-Directed Anti-Tumor Immunity.	Down	17	17
RCTM	HSA-5690714	2	6	9606	9606.ENSP00000221972,9606.ENSP00000376544	CD79A,CD79B	1.98e-05	0.043	CD22 mediated BCR regulation	Down	17	17
HPO	HP:0032101	4	132	9606	9606.ENSP00000221972,9606.ENSP00000306157,9606.ENSP00000376544,9606.ENSP00000398655	CD79A,IL7R,CD79B,ITK	4.94e-06	0.049	Unusual infection	Down	17	17
NetworkNeighborAL	CL:15904	3	38	9606	9606.ENSP00000221972,9606.ENSP00000376544,9606.ENSP00000398655	CD79A,CD79B,ITK	5.68e-06	0.0258	Mixed, incl. Generation of second messenger molecules, and Antigen activates B Cell Receptor (BCR) leading to generation of second messengers	Down	17	17
NetworkNeighborAL	CL:15956	2	5	9606	9606.ENSP00000221972,9606.ENSP00000376544	CD79A,CD79B	1.49e-05	0.0266	CD22 mediated BCR regulation	Down	17	17
